[{"@type":"mappingTemplate","id":"@1","name":"Mapping_RESTV2","description":"","bundleVersion":"0","assetFrsGuid":"7RHn4q4XJiwfDu1nM4LrqX","templateId":"@3","hasParameters":false,"valid":true,"fixedConnection":true,"hasParametersDeployed":false,"fixedConnectionDeployed":false,"isSchemaValidationEnabled":false,"tasks":0,"mappingPreviewFileRecordId":"@2","documentType":"MAPPING","references":[{"@type":"reference","refObjectId":"@7oO5YucCjMzeJiT4ew8fUv","refType":"connection"},{"@type":"reference","refObjectId":"@39eQhAc1WRlfW6ZnN00qi4","refType":"connection"}]}]